date,actual,period,holiday,weather_observed_after_forecast,yesterday,last_week,four_week_weekday_mean,ridge_1,ridge_10,ridge_100,selected_forecast,absolute_error,interval_lower,interval_upper
2012-01-01,2294,validation,0,1,2485.000000,754.000000,2353.250000,2805.613223,2709.253793,2515.824606,2805.613223,511.613223,993.634454,4137.679215
2012-01-02,1951,validation,1,1,2294.000000,1317.000000,2960.250000,2201.326425,2209.845526,2283.236864,2201.326425,250.326425,389.347656,3533.392417
2012-01-03,2236,validation,0,1,1951.000000,1162.000000,2757.250000,2388.715567,2390.183366,2391.023443,2388.715567,152.715567,576.736798,3720.781559
2012-01-04,2368,validation,0,2,2236.000000,2302.000000,2351.750000,2562.394006,2501.401264,2375.020579,2562.394006,194.394006,750.415237,3894.459998
2012-01-05,3272,validation,0,1,2368.000000,2423.000000,3130.500000,2429.377416,2464.082708,2548.261605,2429.377416,842.622584,617.398646,3761.443408
2012-01-06,4098,validation,0,1,3272.000000,2999.000000,3101.250000,2832.896884,2839.545422,2821.548842,2832.896884,1265.103116,1020.918115,4164.962876
2012-01-07,4521,validation,0,1,4098.000000,2485.000000,2356.250000,3369.128623,3292.411472,3014.459118,3369.128623,1151.871377,1557.149854,4701.194615
2012-01-08,3425,validation,0,1,4521.000000,2294.000000,2055.500000,3683.052796,3584.030014,3191.261687,3683.052796,258.052796,1871.074027,5015.118788
2012-01-09,2376,validation,0,2,3425.000000,1951.000000,2495.250000,3170.419171,3143.411187,2949.834248,3170.419171,794.419171,1358.440402,4502.485163
2012-01-10,3598,validation,0,1,2376.000000,2236.000000,2667.750000,2636.062533,2660.488840,2640.976171,2636.062533,961.937467,824.083764,3968.128525
2012-01-11,2177,validation,0,2,3598.000000,2368.000000,2767.500000,3037.643866,3089.139845,3060.603546,3037.643866,860.643866,1225.665096,4369.709858
2012-01-12,4097,validation,0,2,2177.000000,3272.000000,3118.000000,2441.126754,2548.682030,2728.930612,2441.126754,1655.873246,629.147985,3773.192746
2012-01-13,3214,validation,0,1,4097.000000,4098.000000,3220.750000,3239.005277,3309.860221,3356.169071,3239.005277,25.005277,1427.026508,4571.071269
2012-01-14,2493,validation,0,1,3214.000000,4521.000000,2689.000000,3030.310059,3067.255770,3100.949075,3030.310059,537.310059,1218.331290,4362.376051
2012-01-15,2311,validation,0,1,2493.000000,3425.000000,2226.000000,2817.838103,2816.737312,2791.697789,2817.838103,506.838103,1005.859334,4149.904095
2012-01-16,2298,validation,1,1,2311.000000,2376.000000,2261.750000,2325.707100,2331.976380,2369.558038,2325.707100,27.707100,513.728330,3657.773092
2012-01-17,2935,validation,0,2,2298.000000,3598.000000,2686.500000,2517.164260,2562.367910,2685.072514,2517.164260,417.835740,705.185491,3849.230252
2012-01-18,3376,validation,0,1,2935.000000,2177.000000,2376.750000,2853.538160,2832.748339,2735.439251,2853.538160,522.461840,1041.559391,4185.604152
2012-01-19,3292,validation,0,1,3376.000000,4097.000000,3215.000000,2913.820941,2956.498212,3035.943367,2913.820941,378.179059,1101.842172,4245.886933
2012-01-20,3163,validation,0,2,3292.000000,3214.000000,3130.000000,3020.022204,3028.111076,3012.797570,3020.022204,142.977796,1208.043434,4352.088195
2012-01-21,1301,validation,0,2,3163.000000,2493.000000,2627.500000,3118.623037,3085.630041,2957.083617,3118.623037,1817.623037,1306.644268,4450.689029
2012-01-22,1977,validation,0,2,1301.000000,2311.000000,2196.000000,2427.722332,2384.666548,2339.408127,2427.722332,450.722332,615.743563,3759.788324
2012-01-23,2432,validation,0,2,1977.000000,2298.000000,1985.500000,2660.955551,2590.573271,2460.023826,2660.955551,228.955551,848.976782,3993.021543
2012-01-24,4339,validation,0,1,2432.000000,2935.000000,2482.750000,2684.627219,2650.555049,2619.289694,2684.627219,1654.372781,872.648450,4016.693211
2012-01-25,4270,validation,0,1,4339.000000,3376.000000,2555.750000,3499.014270,3422.524183,3201.377904,3499.014270,770.985730,1687.035501,4831.080262
2012-01-26,4075,validation,0,2,4270.000000,3292.000000,3271.000000,3452.357330,3432.252777,3337.212848,3452.357330,622.642670,1640.378561,4784.423322
2012-01-27,3456,validation,0,2,4075.000000,3163.000000,3368.500000,3511.996110,3478.888753,3341.391643,3511.996110,55.996110,1700.017341,4844.062102
2012-01-28,4023,validation,0,1,3456.000000,1301.000000,2700.000000,3449.628300,3371.293161,3084.386186,3449.628300,573.371700,1637.649531,4781.694292
2012-01-29,3243,validation,0,1,4023.000000,1977.000000,2501.750000,3699.965662,3635.056227,3334.288456,3699.965662,456.965662,1887.986893,5032.031654
2012-01-30,3624,validation,0,1,3243.000000,2432.000000,2264.250000,3373.428523,3338.377200,3149.433858,3373.428523,250.571477,1561.449754,4705.494515
2012-01-31,4509,validation,0,1,3624.000000,4339.000000,3277.000000,3392.048734,3406.393415,3378.986709,3392.048734,1116.951266,1580.069965,4724.114726
2012-02-01,4579,validation,0,1,4509.000000,4270.000000,3047.750000,3765.174711,3767.093071,3674.727003,3765.174711,813.825289,1953.195942,5097.240703
2012-02-02,3761,validation,0,2,4579.000000,4075.000000,3684.000000,3853.036248,3860.879399,3774.019035,3853.036248,92.036248,2041.057478,5185.102240
2012-02-03,4151,validation,0,1,3761.000000,3456.000000,3482.750000,3586.092410,3607.678355,3576.140787,3586.092410,564.907590,1774.113641,4918.158402
2012-02-04,2832,validation,0,2,4151.000000,4023.000000,3084.500000,3859.624354,3841.530444,3694.501204,3859.624354,1027.624354,2047.645585,5191.690346
2012-02-05,2947,validation,0,2,2832.000000,3243.000000,2739.000000,3350.281890,3334.169519,3244.156978,3350.281890,403.281890,1538.303121,4682.347882
2012-02-06,3784,validation,0,1,2947.000000,3624.000000,2682.500000,3366.990717,3341.598292,3243.728464,3366.990717,417.009283,1555.011948,4699.056709
2012-02-07,4375,validation,0,1,3784.000000,4509.000000,3845.250000,3496.286061,3539.919272,3616.461132,3496.286061,878.713939,1684.307292,4828.352053
2012-02-08,2802,validation,0,2,4375.000000,4579.000000,3600.500000,3850.502050,3838.768473,3753.536119,3850.502050,1048.502050,2038.523281,5182.568042
2012-02-09,3830,validation,0,1,2802.000000,3761.000000,3806.250000,3197.505783,3222.878324,3309.313785,3197.505783,632.494217,1385.527014,4529.571775
2012-02-10,3831,validation,0,2,3830.000000,4151.000000,3496.000000,3691.005842,3661.957557,3571.226864,3691.005842,139.994158,1879.027072,5023.071833
2012-02-11,2169,validation,0,3,3831.000000,2832.000000,2662.250000,3784.195416,3731.857423,3542.429230,3784.195416,1615.195416,1972.216647,5116.261408
2012-02-12,1529,validation,0,1,2169.000000,2947.000000,2619.500000,3176.736048,3128.739337,3032.435283,3176.736048,1647.736048,1364.757279,4508.802040
2012-02-13,3422,validation,0,1,1529.000000,3784.000000,3034.500000,2802.926198,2778.679144,2821.806007,2802.926198,619.073802,990.947429,4134.992190
2012-02-14,3922,validation,0,2,3422.000000,4375.000000,4039.500000,3454.484848,3424.456824,3403.956528,3454.484848,467.515152,1642.506079,4786.550840
2012-02-15,4169,validation,0,1,3922.000000,2802.000000,3756.750000,3685.384379,3636.458309,3505.396105,3685.384379,483.615621,1873.405609,5017.450370
2012-02-16,3005,validation,0,2,4169.000000,3830.000000,3739.500000,3847.970094,3790.965291,3636.334775,3847.970094,842.970094,2035.991325,5180.036086
2012-02-17,4154,validation,0,1,3005.000000,3831.000000,3650.250000,3405.650300,3366.727943,3314.898355,3405.650300,748.349700,1593.671531,4737.716292
2012-02-18,4318,validation,0,1,4154.000000,2169.000000,2581.250000,4059.386202,3917.399806,3488.860389,4059.386202,258.613798,2247.407433,5391.452194
2012-02-19,2689,validation,0,2,4318.000000,1529.000000,2424.000000,4178.932699,4062.459169,3641.933626,4178.932699,1489.932699,2366.953930,5510.998691
2012-02-20,3129,validation,1,1,2689.000000,3422.000000,3315.500000,3077.978623,3045.380457,3008.352997,3077.978623,51.021377,1265.999854,4410.044615
2012-02-21,3777,validation,0,1,3129.000000,3922.000000,4286.250000,3504.347249,3508.516624,3535.515598,3504.347249,272.652751,1692.368480,4836.413241
2012-02-22,4773,validation,0,1,3777.000000,4169.000000,3955.000000,3803.619258,3762.631674,3648.410551,3803.619258,969.380742,1991.640489,5135.685250
2012-02-23,5062,validation,0,1,4773.000000,3005.000000,3667.750000,4181.651999,4139.007393,3942.242055,4181.651999,880.348001,2369.673230,5513.717991
2012-02-24,3487,validation,0,2,5062.000000,4154.000000,3898.000000,4367.929334,4328.776965,4133.125950,4367.929334,880.929334,2555.950564,5699.995325
2012-02-25,2732,validation,0,1,3487.000000,4318.000000,3335.500000,3848.700215,3803.892676,3662.115361,3848.700215,1116.700215,2036.721446,5180.766207
2012-02-26,3389,validation,0,1,2732.000000,2689.000000,2602.000000,3574.207158,3501.942569,3287.225764,3574.207158,185.207158,1762.228389,4906.273150
2012-02-27,4322,validation,0,1,3389.000000,3129.000000,3489.750000,3732.763032,3701.017060,3581.734971,3732.763032,589.236968,1920.784263,5064.829024
2012-02-28,4363,validation,0,1,4322.000000,3777.000000,4145.750000,4065.466839,4050.611553,3952.849135,4065.466839,297.533161,2253.488070,5397.532831
2012-02-29,1834,validation,0,2,4363.000000,4773.000000,4080.750000,4070.682996,4067.930505,4028.017258,4070.682996,2236.682996,2258.704227,5402.748988
2012-03-01,4990,validation,0,1,1834.000000,5062.000000,3914.500000,3112.278850,3096.716206,3158.562374,3112.278850,1877.721150,1300.300081,4444.344842
2012-03-02,3194,validation,0,2,4990.000000,3487.000000,3905.750000,4284.303805,4229.221374,4030.510536,4284.303805,1090.303805,2472.325036,5616.369797
2012-03-03,4066,validation,0,2,3194.000000,2732.000000,3012.750000,3686.390465,3637.715031,3493.456350,3686.390465,379.609535,1874.411696,5018.456457
2012-03-04,3423,validation,0,1,4066.000000,3389.000000,2638.500000,4089.045199,4008.967274,3745.466463,4089.045199,666.045199,2277.066430,5421.111191
2012-03-05,3333,validation,0,1,3423.000000,4322.000000,3664.250000,3806.093170,3762.729922,3652.013796,3806.093170,473.093170,1994.114401,5138.159162
2012-03-06,3956,validation,0,1,3333.000000,4363.000000,4109.250000,3690.268625,3665.723394,3627.365122,3690.268625,265.731375,1878.289856,5022.334617
2012-03-07,4916,validation,0,1,3956.000000,1834.000000,3394.500000,3939.356240,3885.711913,3685.032893,3939.356240,976.643760,2127.377471,5271.422232
2012-03-08,5382,validation,0,1,4916.000000,4990.000000,4221.750000,4257.912734,4242.573680,4173.750204,4257.912734,1124.087266,2445.933965,5589.978726
2012-03-09,4569,validation,0,2,5382.000000,3194.000000,3666.500000,4562.558959,4503.325176,4238.862862,4562.558959,6.441041,2750.580190,5894.624951
2012-03-10,4118,validation,0,1,4569.000000,4066.000000,3321.250000,4357.715119,4288.186315,4023.798766,4357.715119,239.715119,2545.736349,5689.781111
2012-03-11,4911,validation,0,1,4118.000000,3423.000000,2757.500000,4236.870152,4172.911160,3920.543644,4236.870152,674.129848,2424.891382,5568.936144
2012-03-12,5298,validation,0,1,4911.000000,3333.000000,3551.500000,4489.579207,4464.568830,4284.859857,4489.579207,808.420793,2677.600438,5821.645199
2012-03-13,5847,validation,0,1,5298.000000,3956.000000,4004.500000,4662.916951,4653.639910,4505.795530,4662.916951,1184.083049,2850.938181,5994.982943
2012-03-14,6312,validation,0,1,5847.000000,4916.000000,3923.000000,4976.409646,4935.286735,4679.698449,4976.409646,1335.590354,3164.430877,6308.475638
2012-03-15,6192,validation,0,1,6312.000000,5382.000000,4609.750000,5177.144781,5170.284158,5002.142152,5177.144781,1014.855219,3365.166012,6509.210773
2012-03-16,4378,validation,0,2,6192.000000,4569.000000,3851.000000,5253.140971,5232.894538,4996.347765,5253.140971,875.140971,3441.162202,6585.206963
2012-03-17,7836,validation,0,2,4378.000000,4118.000000,3808.500000,4541.590638,4559.986868,4499.343874,4541.590638,3294.409362,2729.611869,5873.656630
2012-03-18,5892,validation,0,2,7836.000000,4911.000000,3603.000000,6065.446700,6022.680145,5636.776098,6065.446700,173.446700,4253.467931,7397.512692
2012-03-19,6153,validation,0,1,5892.000000,5298.000000,4020.500000,5458.944115,5448.471912,5219.130054,5458.944115,694.055885,3646.965346,6791.010107
2012-03-20,6093,validation,0,1,6153.000000,5847.000000,4485.750000,5598.593898,5604.174123,5427.023282,5598.593898,494.406102,3786.615129,6930.659890
2012-03-21,6230,validation,0,2,6093.000000,6312.000000,4458.750000,5561.518122,5590.026034,5509.725733,5561.518122,668.481878,3749.539353,6893.584114
2012-03-22,6871,validation,0,1,6230.000000,6192.000000,5406.500000,5644.380950,5672.647151,5594.420762,5644.380950,1226.619050,3832.402181,6976.446942
2012-03-23,8362,validation,0,2,6871.000000,4378.000000,3907.000000,6063.441742,6045.408850,5738.843360,6063.441742,2298.558258,4251.462973,7395.507734
2012-03-24,3372,validation,0,2,8362.000000,7836.000000,4688.000000,6820.919920,6804.118495,6504.770937,6820.919920,3448.919920,5008.941151,8152.985912
2012-03-25,4996,validation,0,2,3372.000000,5892.000000,4403.750000,4932.908663,4946.371849,4878.470734,4932.908663,63.091337,3120.929894,6264.974655
2012-03-26,5558,validation,0,1,4996.000000,6153.000000,4776.500000,5427.354787,5434.772098,5327.363243,5427.354787,130.645213,3615.376018,6759.420779
2012-03-27,5102,validation,0,1,5558.000000,6093.000000,5064.750000,5625.185848,5627.127519,5496.969736,5625.185848,523.185848,3813.207079,6957.251840
2012-03-28,5698,validation,0,1,5102.000000,6230.000000,4823.000000,5481.286925,5464.246685,5303.897900,5481.286925,216.713075,3669.308156,6813.352917
2012-03-29,6133,validation,0,1,5698.000000,6871.000000,5858.750000,5621.070557,5628.660478,5552.044114,5621.070557,511.929443,3809.091787,6953.136549
2012-03-30,5459,validation,0,2,6133.000000,8362.000000,5125.750000,5731.463686,5705.901862,5559.784398,5731.463686,272.463686,3919.484917,7063.529678
2012-03-31,6235,validation,0,2,5459.000000,3372.000000,4848.000000,5674.056988,5643.962842,5379.746996,5674.056988,560.943012,3862.078219,7006.122980
2012-04-01,6041,validation,0,2,6235.000000,4996.000000,4805.500000,5986.836298,5946.645779,5649.416950,5986.836298,54.163702,4174.857529,7318.902290
2012-04-02,5936,validation,0,1,6041.000000,5558.000000,5085.500000,5978.762643,5948.941651,5696.825136,5978.762643,42.762643,4166.783874,7310.828635
2012-04-03,6772,validation,0,1,5936.000000,5102.000000,5249.500000,6050.986324,6023.365028,5753.944511,6050.986324,721.013676,4239.007555,7383.052316
2012-04-04,6436,validation,0,1,6772.000000,5698.000000,5789.000000,6396.141872,6376.999385,6122.925594,6396.141872,39.858128,4584.163103,7728.207864
2012-04-05,6457,validation,0,1,6436.000000,6133.000000,6144.500000,6275.446783,6273.687377,6106.577959,6275.446783,181.553217,4463.468014,7607.512775
2012-04-06,6460,validation,0,1,6457.000000,5459.000000,5692.000000,6335.410870,6336.663107,6175.371154,6335.410870,124.589130,4523.432101,7667.476862
2012-04-07,6857,validation,0,1,6460.000000,6235.000000,5390.250000,6354.718530,6306.562645,5975.178159,6354.718530,502.281470,4542.739761,7686.784522
2012-04-08,5169,validation,0,1,6857.000000,6041.000000,5460.000000,6545.984495,6513.501141,6229.673168,6545.984495,1376.984495,4734.005726,7878.050487
2012-04-09,5585,validation,0,1,5169.000000,5936.000000,5736.250000,5964.525261,5956.261759,5792.580969,5964.525261,379.525261,4152.546492,7296.591253
2012-04-10,5918,validation,0,1,5585.000000,6772.000000,5953.500000,6054.596191,6046.601451,5900.465728,6054.596191,136.596191,4242.617422,7386.662183
2012-04-11,4862,validation,0,1,5918.000000,6436.000000,6169.000000,6188.109415,6178.238233,6020.036276,6188.109415,1326.109415,4376.130646,7520.175407
2012-04-12,5409,validation,0,1,4862.000000,6457.000000,6413.250000,5719.214079,5718.238970,5649.377596,5719.214079,310.214079,3907.235310,7051.280071
2012-04-13,6398,validation,0,1,5409.000000,6460.000000,6164.750000,5850.472359,5821.178191,5655.180036,5850.472359,547.527641,4038.493590,7182.538351
2012-04-14,7460,validation,0,1,6398.000000,6857.000000,6075.000000,6073.063485,6071.069848,5998.290114,6073.063485,1386.936515,4261.084716,7405.129477
2012-04-15,7132,validation,0,1,7460.000000,5169.000000,5524.500000,6662.971294,6613.351846,6298.433036,6662.971294,469.028706,4850.992525,7995.037286
2012-04-16,6370,validation,1,1,7132.000000,5585.000000,5808.000000,6170.525324,6134.872489,5921.527256,6170.525324,199.474676,4358.546555,7502.591316
2012-04-17,6691,validation,0,1,6370.000000,5918.000000,5971.250000,6414.299635,6394.149578,6217.336044,6414.299635,276.700365,4602.320866,7746.365627
2012-04-18,4367,validation,0,2,6691.000000,4862.000000,5806.500000,6661.997246,6627.273695,6352.176174,6661.997246,2294.997246,4850.018477,7994.063238
2012-04-19,6565,validation,0,1,4367.000000,5409.000000,6217.500000,5719.702862,5722.186314,5675.037506,5719.702862,845.297138,3907.724093,7051.768854
2012-04-20,7290,validation,0,1,6565.000000,6398.000000,6669.750000,6447.926728,6447.550930,6358.507024,6447.926728,842.073272,4635.947959,7779.992720
2012-04-21,6624,validation,0,1,7290.000000,7460.000000,5981.000000,6656.464729,6621.622819,6445.477167,6656.464729,32.464729,4844.485960,7988.530721
2012-04-22,1027,validation,0,3,6624.000000,7132.000000,5834.500000,6472.329618,6434.160325,6240.986932,6472.329618,5445.329618,4660.350849,7804.395610
2012-04-23,3214,validation,0,2,1027.000000,6370.000000,5862.250000,4316.098364,4328.362720,4499.893501,4316.098364,1102.098364,2504.119595,5648.164356
2012-04-24,5633,validation,0,1,3214.000000,6691.000000,6120.750000,4904.159503,4884.218368,4922.871114,4904.159503,728.840497,3092.180734,6236.225495
2012-04-25,6196,validation,0,1,5633.000000,4367.000000,5340.750000,5998.830309,5914.158035,5581.808200,5998.830309,197.169691,4186.851540,7330.896301
2012-04-26,5026,validation,0,2,6196.000000,6565.000000,6141.000000,6148.020898,6085.083754,5869.536884,6148.020898,1122.020898,4336.042129,7480.086890
2012-04-27,6233,validation,0,1,5026.000000,7290.000000,6401.750000,5570.665425,5536.422528,5491.574542,5570.665425,662.334575,3758.686656,6902.731417
2012-04-28,4220,validation,0,2,6233.000000,6624.000000,6794.000000,6035.357846,5986.922346,5854.807567,6035.357846,1815.357846,4223.379077,7367.423838
2012-04-29,6304,validation,0,1,4220.000000,1027.000000,4842.250000,5533.045606,5455.604457,5140.031689,5533.045606,770.954394,3721.066837,6865.111598
2012-04-30,5572,validation,0,2,6304.000000,3214.000000,5276.250000,6305.175801,6227.727031,5874.014353,6305.175801,733.175801,4493.197032,7637.241793
2012-05-01,5740,validation,0,2,5572.000000,5633.000000,6253.500000,5944.435061,5910.374090,5797.339717,5944.435061,204.435061,4132.456292,7276.501053
2012-05-02,6169,validation,0,1,5740.000000,6196.000000,5465.250000,5969.004467,5914.889042,5725.982920,5969.004467,199.995533,4157.025698,7301.070459
2012-05-03,6421,validation,0,2,6169.000000,5026.000000,5864.250000,6267.345141,6213.350224,5996.921713,6267.345141,153.654859,4455.366372,7599.411133
2012-05-04,6296,validation,0,1,6421.000000,6233.000000,6595.250000,6260.285180,6224.094991,6106.731909,6260.285180,35.714820,4448.306411,7592.351172
2012-05-05,6883,validation,0,2,6296.000000,4220.000000,6290.250000,6324.214416,6270.571386,6038.514963,6324.214416,558.785584,4512.235647,7656.280408
2012-05-06,6359,validation,0,2,6883.000000,6304.000000,4908.000000,6282.280381,6188.372542,5822.241065,6282.280381,76.719619,4470.301611,7614.346372
2012-05-07,6273,validation,0,2,6359.000000,5572.000000,5185.250000,6270.907831,6197.766465,5901.340240,6270.907831,2.092169,4458.929062,7602.973823
2012-05-08,5728,validation,0,2,6273.000000,5740.000000,5995.500000,6361.736683,6307.823399,6100.099869,6361.736683,633.736683,4549.757914,7693.802675
2012-05-09,4717,validation,0,2,5728.000000,6169.000000,5398.500000,6171.284316,6122.294497,5960.455589,6171.284316,1454.284316,4359.305547,7503.350308
2012-05-10,6572,validation,0,1,4717.000000,6421.000000,5855.250000,5740.351150,5704.155582,5611.189267,5740.351150,831.648850,3928.372380,7072.417141
2012-05-11,7030,validation,0,1,6572.000000,6296.000000,6554.250000,6425.419601,6381.788451,6217.866179,6425.419601,604.580399,4613.440832,7757.485593
2012-05-12,7429,validation,0,1,7030.000000,6883.000000,6296.750000,6529.060386,6479.350319,6291.078772,6529.060386,899.939614,4717.081617,7861.126378
2012-05-13,6118,validation,0,1,7429.000000,6359.000000,5205.500000,6735.941479,6687.685036,6502.021551,6735.941479,617.941479,4923.962710,8068.007471
2012-05-14,2843,validation,0,2,6118.000000,6273.000000,5357.250000,6225.752257,6184.039239,6048.208471,6225.752257,3382.752257,4413.773487,7557.818248
2012-05-15,5115,validation,0,2,2843.000000,5728.000000,5948.000000,4986.936245,4990.924267,5082.920419,4986.936245,128.063755,3174.957476,6319.002237
2012-05-16,7424,validation,0,1,5115.000000,4717.000000,5362.250000,5889.730591,5831.899484,5613.389178,5889.730591,1534.269409,4077.751822,7221.796583
2012-05-17,7384,validation,0,1,7424.000000,6572.000000,6146.000000,6705.858924,6656.642007,6455.237809,6705.858924,678.141076,4893.880155,8037.924916
2012-05-18,7639,validation,0,1,7384.000000,7030.000000,6712.250000,6671.131954,6634.890038,6495.739932,6671.131954,967.868046,4859.153184,8003.197945
2012-05-19,8294,validation,0,1,7639.000000,7429.000000,6289.000000,6723.280426,6681.725924,6553.486150,6723.280426,1570.719574,4911.301657,8055.346418
2012-05-20,7129,validation,0,1,8294.000000,6118.000000,4952.000000,7029.947953,6901.182405,6429.607294,7029.947953,99.052047,5217.969184,8362.013945
2012-05-21,4359,validation,0,2,7129.000000,2843.000000,4475.500000,6991.819133,6876.202088,6348.230215,6991.819133,2632.819133,5179.840364,8323.885125
2012-05-22,6073,validation,0,2,4359.000000,5115.000000,5554.000000,5838.346294,5816.582174,5750.176341,5838.346294,234.653706,4026.367525,7170.412286
2012-05-23,5260,validation,0,2,6073.000000,7424.000000,6126.500000,6459.173486,6419.761330,6288.045469,6459.173486,1199.173486,4647.194717,7791.239478
2012-05-24,6770,validation,0,1,5260.000000,7384.000000,6350.750000,6139.785292,6114.051154,6072.484325,6139.785292,630.214708,4327.806523,7471.851284
2012-05-25,6734,validation,0,1,6770.000000,7639.000000,6799.500000,6724.060792,6682.103703,6561.356771,6724.060792,9.939208,4912.082023,8056.126784
2012-05-26,6536,validation,0,1,6734.000000,8294.000000,6706.500000,6544.295590,6498.653197,6400.359141,6544.295590,8.295590,4732.316821,7876.361582
2012-05-27,6591,validation,0,1,6536.000000,7129.000000,6477.500000,6475.199907,6426.552589,6290.920253,6475.199907,115.800093,4663.221138,7807.265899
2012-05-28,6043,validation,1,1,6591.000000,4359.000000,4761.750000,6178.270673,6077.008972,5699.647666,6178.270673,135.270673,4366.291904,7510.336665
2012-05-29,5743,validation,0,1,6043.000000,6073.000000,5664.000000,6387.811910,6330.997528,6128.145798,6387.811910,644.811910,4575.833141,7719.877902
2012-05-30,6855,validation,0,2,5743.000000,5260.000000,5892.500000,6464.544792,6419.558390,6255.075560,6464.544792,390.455208,4652.566023,7796.610784
2012-05-31,7338,validation,0,1,6855.000000,6770.000000,6786.750000,6886.887365,6839.547180,6665.853722,6886.887365,451.112635,5074.908596,8218.953357
2012-06-01,4127,validation,0,2,7338.000000,6734.000000,6924.750000,7060.723489,7010.276183,6813.702265,7060.723489,2933.723489,5248.744719,8392.789481
2012-06-02,8120,validation,0,1,4127.000000,6536.000000,7285.500000,5759.566710,5767.616672,5877.986488,5759.566710,2360.433290,3947.587941,7091.632702
2012-06-03,7641,validation,0,1,8120.000000,6591.000000,6549.250000,7118.615896,7054.164987,6809.450068,7118.615896,522.384104,5306.637126,8450.681888
2012-06-04,6998,validation,0,1,7641.000000,6043.000000,4879.500000,6935.454665,6858.702311,6542.805688,6935.454665,62.545335,5123.475896,8267.520657
2012-06-05,7001,validation,0,2,6998.000000,5743.000000,5664.750000,6866.789561,6802.000297,6537.952214,6866.789561,134.210439,5054.810792,8198.855553
2012-06-06,7055,validation,0,1,7001.000000,6855.000000,6064.000000,6865.914318,6800.729604,6540.933761,6865.914318,189.085682,5053.935549,8197.980310
2012-06-07,7494,validation,0,1,7055.000000,7338.000000,7016.000000,7053.175413,7008.031959,6838.769936,7053.175413,440.824587,5241.196644,8385.241405
2012-06-08,7736,validation,0,1,7494.000000,4127.000000,6382.500000,7346.649777,7277.747852,6922.799582,7346.649777,389.350223,5534.671008,8678.715769
2012-06-09,7498,validation,0,1,7736.000000,8120.000000,7594.750000,7257.095668,7226.087203,7112.909430,7257.095668,240.904332,5445.116899,8589.161660
2012-06-10,6598,validation,0,1,7498.000000,7641.000000,6869.750000,7090.857202,7051.764321,6910.589898,7090.857202,492.857202,5278.878433,8422.923194
2012-06-11,6664,validation,0,2,6598.000000,6998.000000,5060.750000,6647.165429,6594.143489,6394.742150,6647.165429,16.834571,4835.186660,7979.231421
2012-06-12,4972,validation,0,2,6664.000000,7001.000000,5983.000000,6829.548606,6787.219499,6607.312913,6829.548606,1857.548606,5017.569837,8161.614598
2012-06-13,7421,validation,0,1,4972.000000,7055.000000,6648.500000,6414.978332,6405.956882,6410.610101,6414.978332,1006.021668,4602.999563,7747.044324
2012-06-14,7363,validation,0,1,7421.000000,7494.000000,7246.500000,7301.577518,7260.457599,7100.456661,7301.577518,61.422482,5489.598749,8633.643510
2012-06-15,7665,validation,0,1,7363.000000,7736.000000,6559.000000,7126.202766,7078.305306,6872.916482,7126.202766,538.797234,5314.223996,8458.268758
2012-06-16,7702,validation,0,1,7665.000000,7498.000000,7612.000000,7357.802199,7325.373598,7217.902253,7357.802199,344.197801,5545.823430,8689.868191
2012-06-17,6978,validation,0,1,7702.000000,6598.000000,6989.750000,7271.995566,7224.672624,7042.165736,7271.995566,293.995566,5460.016797,8604.061558
2012-06-18,5099,validation,0,2,6978.000000,6664.000000,6016.000000,6846.776308,6796.046175,6610.073925,6846.776308,1747.776308,5034.797539,8178.842300
2012-06-19,6825,validation,0,1,5099.000000,4972.000000,5947.250000,6404.026093,6372.190801,6250.072359,6404.026093,420.973907,4592.047324,7736.092085
2012-06-20,6211,validation,0,1,6825.000000,7421.000000,6647.750000,6931.665196,6895.746575,6763.020995,6931.665196,720.665196,5119.686427,8263.731188
2012-06-21,5905,validation,0,1,6211.000000,7363.000000,7241.250000,6874.713456,6852.102386,6782.282640,6874.713456,969.713456,5062.734687,8206.779448
2012-06-22,5823,validation,0,1,5905.000000,7665.000000,6565.500000,6668.220759,6656.259373,6651.374635,6668.220759,845.220759,4856.241990,8000.286751
2012-06-23,7458,validation,0,1,5823.000000,7702.000000,7464.000000,6452.292343,6443.725429,6467.016263,6452.292343,1005.707657,4640.313574,7784.358335
2012-06-24,6891,validation,0,1,7458.000000,6978.000000,6952.000000,6954.078771,6909.385713,6743.683420,6954.078771,63.078771,5142.100002,8286.144763
2012-06-25,6779,validation,0,1,6891.000000,5099.000000,6201.000000,6824.192416,6767.854827,6524.899070,6824.192416,45.192416,5012.213647,8156.258408
2012-06-26,7442,validation,0,1,6779.000000,6825.000000,6135.250000,6720.150861,6673.070930,6480.960821,6720.150861,721.849139,4908.172092,8052.216853
2012-06-27,7335,validation,0,1,7442.000000,6211.000000,6885.500000,7262.091581,7211.729724,6982.814286,7262.091581,72.908419,5450.112812,8594.157573
2012-06-28,6879,validation,0,1,7335.000000,5905.000000,7025.000000,7351.738415,7302.687932,7062.945052,7351.738415,472.738415,5539.759646,8683.804407
2012-06-29,5463,validation,0,1,6879.000000,5823.000000,6337.750000,6986.086747,6938.033070,6712.619394,6986.086747,1523.086747,5174.107978,8318.152739
2012-06-30,5687,validation,0,1,5463.000000,7458.000000,7694.500000,6597.472848,6604.293709,6667.209562,6597.472848,910.472848,4785.494079,7929.538840
2012-07-01,5531,test,0,1,5687.000000,6891.000000,7027.000000,6488.654721,6481.616327,6484.376138,6488.654721,957.654721,4676.675952,7820.720713
2012-07-02,6227,test,0,1,5531.000000,6779.000000,6385.000000,6274.015282,6254.135493,6204.947520,6274.015282,47.015282,4462.036513,7606.081274
2012-07-03,6660,test,0,1,6227.000000,7442.000000,6560.000000,6566.683817,6547.901939,6511.685683,6566.683817,93.316183,4754.705047,7898.749809
2012-07-04,7403,test,1,1,6660.000000,7335.000000,7005.500000,6315.391219,6283.390429,6221.872887,6315.391219,1087.608781,4503.412450,7647.457211
2012-07-05,6241,test,0,1,7403.000000,6879.000000,6910.250000,7169.888840,7110.182948,6868.353071,7169.888840,928.888840,5357.910071,8501.954832
2012-07-06,6207,test,0,1,6241.000000,5463.000000,6671.750000,6752.051613,6706.535922,6510.900949,6752.051613,545.051613,4940.072844,8084.117605
2012-07-07,4840,test,0,1,6207.000000,5687.000000,7086.250000,6651.237754,6624.101477,6522.392108,6651.237754,1811.237754,4839.258985,7983.303746
2012-07-08,4672,test,0,1,4840.000000,5531.000000,6499.500000,5939.678278,5938.963988,5961.250297,5939.678278,1267.678278,4127.699509,7271.744270
2012-07-09,6569,test,0,2,4672.000000,6227.000000,6192.250000,5791.634249,5800.827074,5877.888419,5791.634249,777.365751,3979.655479,7123.700241
2012-07-10,6290,test,0,2,6569.000000,6660.000000,6474.750000,6462.502383,6434.335882,6337.791149,6462.502383,172.502383,4650.523614,7794.568375
2012-07-11,7264,test,0,1,6290.000000,7403.000000,7092.500000,6565.052905,6554.392158,6530.153821,6565.052905,698.947095,4753.074136,7897.118897
2012-07-12,7446,test,0,1,7264.000000,6241.000000,6597.000000,6953.959774,6911.876068,6723.284609,6953.959774,492.040226,5141.981005,8286.025766
2012-07-13,7499,test,0,2,7446.000000,6207.000000,6289.500000,6962.506473,6915.781686,6697.198037,6962.506473,536.493527,5150.527704,8294.572465
2012-07-14,6969,test,0,2,7499.000000,4840.000000,6421.750000,6972.696130,6921.956057,6656.782831,6972.696130,3.696130,5160.717361,8304.762122
2012-07-15,6031,test,0,1,6969.000000,4672.000000,6018.000000,6712.952163,6675.135225,6458.483212,6712.952163,681.952163,4900.973393,8045.018155
2012-07-16,6830,test,0,1,6031.000000,6569.000000,6168.500000,6262.481709,6256.342319,6216.298317,6262.481709,567.518291,4450.502940,7594.547701
2012-07-17,6786,test,0,1,6830.000000,6290.000000,6804.250000,6803.206569,6781.408677,6652.867568,6803.206569,17.206569,4991.227800,8135.272561
2012-07-18,5713,test,0,1,6786.000000,7264.000000,7053.250000,6831.066437,6819.550310,6745.476198,6831.066437,1118.066437,5019.087668,8163.132429
2012-07-19,6591,test,0,1,5713.000000,7446.000000,6617.750000,6342.555233,6349.231608,6358.963887,6342.555233,248.444767,4530.576464,7674.621225
2012-07-20,5870,test,0,2,6591.000000,7499.000000,6248.000000,6552.804186,6544.219518,6495.159889,6552.804186,682.804186,4740.825417,7884.870178
2012-07-21,4459,test,0,3,5870.000000,6969.000000,6238.500000,6228.673814,6230.528148,6231.306618,6228.673814,1769.673814,4416.695045,7560.739806
2012-07-22,7410,test,0,2,4459.000000,6031.000000,5781.250000,5535.388066,5555.929003,5656.161209,5535.388066,1874.611934,3723.409297,6867.454058
2012-07-23,6966,test,0,1,7410.000000,6830.000000,6601.250000,6632.761114,6621.084378,6544.509378,6632.761114,333.238886,4820.782345,7964.827106
2012-07-24,7592,test,0,1,6966.000000,6786.000000,6794.500000,6629.089889,6620.906632,6553.020399,6629.089889,962.910111,4817.111120,7961.155881
2012-07-25,8173,test,0,1,7592.000000,5713.000000,6928.750000,6990.250549,6968.306398,6802.658479,6990.250549,1182.749451,5178.271780,8322.316541
2012-07-26,6861,test,0,1,8173.000000,6591.000000,6789.250000,7224.736932,7201.784851,7032.150790,7224.736932,363.736932,5412.758163,8556.802924
2012-07-27,6904,test,0,1,6861.000000,5870.000000,6259.750000,6622.294417,6621.233064,6546.087813,6622.294417,281.705583,4810.315648,7954.360409
2012-07-28,6685,test,0,1,6904.000000,4459.000000,5488.750000,6598.950273,6592.228805,6458.258495,6598.950273,86.049727,4786.971504,7931.016265
2012-07-29,6597,test,0,1,6685.000000,7410.000000,5911.000000,6371.022832,6395.268924,6436.224294,6371.022832,225.977168,4559.044062,7703.088824
2012-07-30,7105,test,0,1,6597.000000,6966.000000,6648.000000,6462.086841,6484.993161,6518.248961,6462.086841,642.913159,4650.108071,7794.152833
2012-07-31,7216,test,0,1,7105.000000,7592.000000,6832.000000,6757.202206,6770.066032,6767.086852,6757.202206,458.797794,4945.223436,8089.268198
2012-08-01,7580,test,0,1,7216.000000,8173.000000,7138.250000,6887.068074,6892.449183,6866.954501,6887.068074,692.931926,5075.089305,8219.134066
2012-08-02,7261,test,0,1,7580.000000,6861.000000,6784.750000,7004.903263,6992.714778,6875.912828,7004.903263,256.096737,5192.924494,8336.969255
2012-08-03,7175,test,0,2,7261.000000,6904.000000,6620.000000,6797.803519,6794.584194,6720.298261,6797.803519,377.196481,4985.824750,8129.869511
2012-08-04,6824,test,0,1,7175.000000,6685.000000,5738.250000,6556.273055,6543.881715,6434.979954,6556.273055,267.726945,4744.294286,7888.339047
2012-08-05,5464,test,0,1,6824.000000,6597.000000,6177.500000,6474.236756,6486.605602,6495.381716,6474.236756,1010.236756,4662.257987,7806.302748
2012-08-06,7013,test,0,2,5464.000000,7105.000000,6867.500000,6121.273789,6162.827387,6315.668245,6121.273789,891.726211,4309.295020,7453.339781
2012-08-07,7273,test,0,2,7013.000000,7216.000000,6971.000000,6735.506264,6747.129533,6760.079712,6735.506264,537.493736,4923.527495,8067.572256
2012-08-08,7534,test,0,2,7273.000000,7580.000000,7182.500000,6999.407114,7012.607219,7026.326349,6999.407114,534.592886,5187.428345,8331.473106
2012-08-09,7286,test,0,1,7534.000000,7261.000000,7039.750000,7091.004739,7089.585664,7025.991411,7091.004739,194.995261,5279.025970,8423.070731
2012-08-10,5786,test,0,2,7286.000000,7175.000000,6862.000000,6931.579517,6939.204543,6919.165528,6931.579517,1145.579517,5119.600748,8263.645509
2012-08-11,6299,test,0,2,5786.000000,6824.000000,6234.250000,6228.012024,6259.816345,6371.611305,6228.012024,70.987976,4416.033255,7560.078016
2012-08-12,6544,test,0,1,6299.000000,5464.000000,6375.500000,6299.811836,6307.337552,6296.885394,6299.811836,244.188164,4487.833067,7631.877828
2012-08-13,6883,test,0,1,6544.000000,7013.000000,6978.500000,6473.882088,6495.459007,6558.836142,6473.882088,409.117912,4661.903319,7805.948080
2012-08-14,6784,test,0,1,6883.000000,7273.000000,7216.750000,6671.803335,6686.257673,6714.494472,6671.803335,112.196665,4859.824566,8003.869327
2012-08-15,7347,test,0,1,6784.000000,7534.000000,7250.000000,6615.511001,6632.081425,6673.758180,6615.511001,731.488999,4803.532232,7947.576993
2012-08-16,7605,test,0,1,7347.000000,7286.000000,6999.750000,6887.862299,6891.593143,6864.061256,6887.862299,717.137701,5075.883530,8219.928291
2012-08-17,7148,test,0,1,7605.000000,5786.000000,6433.750000,6889.922848,6880.697644,6766.480738,6889.922848,258.077152,5077.944079,8221.988840
2012-08-18,7865,test,0,1,7148.000000,6299.000000,6066.750000,6523.292353,6533.238747,6503.388243,6523.292353,1341.707647,4711.313584,7855.358345
2012-08-19,4549,test,0,2,7865.000000,6544.000000,6503.750000,6963.421377,6962.485185,6866.831627,6963.421377,2414.421377,5151.442608,8295.487369
2012-08-20,6530,test,0,2,4549.000000,6883.000000,6991.750000,5816.335367,5883.902065,6131.912723,5816.335367,713.664633,4004.356598,7148.401359
2012-08-21,7006,test,0,1,6530.000000,6784.000000,7216.250000,6620.147482,6646.877381,6699.831623,6620.147482,385.852518,4808.168713,7952.213474
2012-08-22,7375,test,0,1,7006.000000,7347.000000,7658.500000,6909.666792,6931.690142,6963.565052,6909.666792,465.333208,5097.688023,8241.732784
2012-08-23,7765,test,0,1,7375.000000,7605.000000,7253.250000,6950.466889,6960.345599,6946.033038,6950.466889,814.533111,5138.488120,8282.532881
2012-08-24,7582,test,0,2,7765.000000,7148.000000,6753.250000,6974.544337,6968.754329,6877.419868,6974.544337,607.455663,5162.565568,8306.610329
2012-08-25,6053,test,0,2,7582.000000,7865.000000,6918.250000,6785.216064,6799.628598,6811.031605,6785.216064,732.216064,4973.237295,8117.282056
2012-08-26,5255,test,0,2,6053.000000,4549.000000,5788.500000,6263.404038,6276.319430,6252.542908,6263.404038,1008.404038,4451.425269,7595.470030
2012-08-27,6917,test,0,1,5255.000000,6530.000000,6882.750000,5945.339067,6004.756057,6204.600462,5945.339067,971.660933,4133.360297,7277.405059
2012-08-28,7040,test,0,1,6917.000000,7006.000000,7069.750000,6648.915526,6669.702126,6694.276145,6648.915526,391.084474,4836.936757,7980.981518
2012-08-29,7697,test,0,1,7040.000000,7375.000000,7459.000000,6843.927032,6864.998808,6890.550799,6843.927032,853.072968,5031.948263,8175.993024
2012-08-30,7713,test,0,1,7697.000000,7765.000000,7479.250000,7092.959323,7104.275545,7087.440215,7092.959323,620.040677,5280.980554,8425.025315
2012-08-31,7350,test,0,1,7713.000000,7582.000000,6922.750000,7008.464413,7019.171625,6998.851191,7008.464413,341.535587,5196.485643,8340.530405
2012-09-01,6140,test,0,2,7350.000000,6053.000000,6760.250000,6793.285621,6804.571271,6778.695698,6793.285621,653.285621,4981.306852,8125.351613
2012-09-02,5810,test,0,2,6140.000000,5255.000000,5453.000000,6078.159824,6094.189345,6063.699455,6078.159824,268.159824,4266.181055,7410.225816
2012-09-03,6034,test,1,1,5810.000000,6917.000000,6835.750000,5782.020960,5834.752702,6023.782060,5782.020960,251.979040,3970.042191,7114.086952
2012-09-04,6864,test,0,1,6034.000000,7040.000000,7025.750000,6394.072521,6428.097150,6518.284190,6394.072521,469.927479,4582.093752,7726.138513
2012-09-05,7112,test,0,1,6864.000000,7697.000000,7488.250000,6798.915150,6821.360189,6859.053372,6798.915150,313.084850,4986.936381,8130.981142
2012-09-06,6203,test,0,2,7112.000000,7713.000000,7592.250000,6863.894998,6886.644676,6922.584603,6863.894998,660.894998,5051.916229,8195.960990
2012-09-07,7504,test,0,1,6203.000000,7350.000000,6966.500000,6256.180295,6304.355121,6441.151935,6256.180295,1247.819705,4444.201526,7588.246287
2012-09-08,5976,test,0,2,7504.000000,6140.000000,6589.250000,6485.764518,6510.524215,6495.944373,6485.764518,509.764518,4673.785749,7817.830510
2012-09-09,8227,test,0,1,5976.000000,5810.000000,5539.500000,5894.183638,5944.389426,6042.789690,5894.183638,2332.816362,4082.204869,7226.249630
2012-09-10,7525,test,0,1,8227.000000,6034.000000,6591.000000,6892.083288,6894.741879,6805.343575,6892.083288,632.916712,5080.104519,8224.149280
2012-09-11,7767,test,0,1,7525.000000,6864.000000,6923.500000,6890.151655,6900.235001,6858.188101,6890.151655,876.848345,5078.172886,8222.217647
2012-09-12,7870,test,0,1,7767.000000,7112.000000,7382.750000,7217.968409,7219.508010,7149.290099,7217.968409,652.031591,5405.989640,8550.034401
2012-09-13,7804,test,0,1,7870.000000,6203.000000,7321.500000,7333.210073,7318.865797,7187.126666,7333.210073,470.789927,5521.231303,8665.276065
2012-09-14,8009,test,0,1,7804.000000,7504.000000,7396.000000,7184.276940,7185.596559,7139.236622,7184.276940,824.723060,5372.298170,8516.342931
2012-09-15,8714,test,0,1,8009.000000,5976.000000,6508.500000,7146.314316,7124.652005,6985.744558,7146.314316,1567.685684,5334.335546,8478.380307
2012-09-16,7333,test,0,1,8714.000000,8227.000000,5960.250000,7109.217610,7099.431301,6983.660395,7109.217610,223.782390,5297.238840,8441.283601
2012-09-17,6869,test,0,2,7333.000000,7525.000000,6751.500000,6946.976107,6942.189550,6885.362344,6946.976107,77.976107,5134.997337,8279.042098
2012-09-18,4073,test,0,2,6869.000000,7767.000000,7169.250000,7009.748615,7011.741430,6991.214422,7009.748615,2936.748615,5197.769846,8341.814607
2012-09-19,7591,test,0,1,4073.000000,7870.000000,7513.500000,6061.093589,6129.542772,6391.615083,6061.093589,1529.906411,4249.114820,7393.159581
2012-09-20,7720,test,0,1,7591.000000,7804.000000,7371.250000,7168.019976,7178.825659,7121.023081,7168.019976,551.980024,5356.041207,8500.085968
2012-09-21,8167,test,0,1,7720.000000,8009.000000,7611.250000,7165.181930,7180.600426,7173.805350,7165.181930,1001.818070,5353.203160,8497.247922
2012-09-22,8395,test,0,1,8167.000000,8714.000000,6720.750000,6956.042954,6976.804995,6961.822480,6956.042954,1438.957046,5144.064185,8288.108946
2012-09-23,7907,test,0,1,8395.000000,7333.000000,6656.250000,7061.789225,7066.597726,7000.205807,7061.789225,845.210775,5249.810456,8393.855217
2012-09-24,7436,test,0,1,7907.000000,6869.000000,6836.250000,7189.407352,7168.573385,7041.451460,7189.407352,246.592648,5377.428583,8521.473344
2012-09-25,7538,test,0,1,7436.000000,4073.000000,6436.000000,7302.164277,7236.777961,6944.802183,7302.164277,235.835723,5490.185508,8634.230269
2012-09-26,7733,test,0,1,7538.000000,7591.000000,7567.500000,7596.141083,7566.955390,7423.050192,7596.141083,136.858917,5784.162314,8928.207075
2012-09-27,7393,test,0,2,7733.000000,7720.000000,7360.000000,7682.131725,7652.822332,7502.838326,7682.131725,289.131725,5870.152956,9014.197717
2012-09-28,7415,test,0,2,7393.000000,8167.000000,7757.500000,7393.753477,7387.932633,7344.575447,7393.753477,21.246523,5581.774708,8725.819469
2012-09-29,8555,test,0,1,7415.000000,8395.000000,7306.250000,7136.640250,7144.015888,7164.791064,7136.640250,1418.359750,5324.661481,8468.706242
2012-09-30,6889,test,0,1,8555.000000,7907.000000,7319.250000,7424.040784,7389.954533,7229.523875,7424.040784,535.040784,5612.062014,8756.106776
2012-10-01,6778,test,0,2,6889.000000,7436.000000,6966.000000,6871.455709,6870.349355,6829.322962,6871.455709,93.455709,5059.476940,8203.521701
2012-10-02,4639,test,0,3,6778.000000,7538.000000,6560.500000,6856.423367,6852.616059,6750.367358,6856.423367,2217.423367,5044.444598,8188.489359
2012-10-03,7572,test,0,2,4639.000000,7733.000000,7576.500000,6341.552356,6407.292523,6588.747755,6341.552356,1230.447644,4529.573587,7673.618348
2012-10-04,7328,test,0,2,7572.000000,7393.000000,7280.000000,7274.950288,7281.811839,7166.264313,7274.950288,53.049712,5462.971518,8607.016280
2012-10-05,8156,test,0,1,7328.000000,7415.000000,7773.750000,7312.640074,7318.131285,7236.389561,7312.640074,843.359926,5500.661304,8644.706065
2012-10-06,7965,test,0,1,8156.000000,8555.000000,7910.000000,7324.055471,7336.531302,7275.143472,7324.055471,640.944529,5512.076702,8656.121463
2012-10-07,3510,test,0,2,7965.000000,6889.000000,7589.000000,7468.729894,7443.409823,7263.238408,7468.729894,3958.729894,5656.751125,8800.795886
2012-10-08,5478,test,1,2,3510.000000,6778.000000,7152.000000,5482.073319,5555.300821,5804.805474,5482.073319,4.073319,3670.094550,6814.139311
2012-10-09,6392,test,0,2,5478.000000,4639.000000,6004.250000,6430.087938,6449.132346,6395.984445,6430.087938,38.087938,4618.109169,7762.153930
2012-10-10,7691,test,0,1,6392.000000,7572.000000,7691.500000,6959.604313,6982.904307,6950.497048,6959.604313,731.395687,5147.625544,8291.670305
2012-10-11,7570,test,0,1,7691.000000,7328.000000,7561.250000,7365.777773,7365.512069,7212.848891,7365.777773,204.222227,5553.799004,8697.843765
2012-10-12,7282,test,0,1,7570.000000,8156.000000,7936.750000,7246.190660,7266.603501,7202.598367,7246.190660,35.809340,5434.211891,8578.256652
2012-10-13,7109,test,0,1,7282.000000,7965.000000,8407.250000,7097.337445,7119.909048,7126.391806,7097.337445,11.662555,5285.358676,8429.403437
2012-10-14,6639,test,0,1,7109.000000,3510.000000,6409.750000,6596.716215,6576.732544,6394.711882,6596.716215,42.283785,4784.737446,7928.782207
2012-10-15,5875,test,0,2,6639.000000,5478.000000,6640.250000,6613.339832,6601.830892,6490.225010,6613.339832,738.339832,4801.361063,7945.405824
2012-10-16,7534,test,0,1,5875.000000,6392.000000,5660.500000,6096.151833,6135.719846,6084.450471,6096.151833,1437.848167,4284.173064,7428.217825
2012-10-17,7461,test,0,1,7534.000000,7691.000000,7646.750000,7421.666299,7407.227187,7256.761665,7421.666299,39.333701,5609.687530,8753.732291
2012-10-18,7509,test,0,2,7461.000000,7570.000000,7502.750000,7441.769438,7426.273239,7265.906492,7441.769438,67.230562,5629.790669,8773.835430
2012-10-19,5424,test,0,2,7509.000000,7282.000000,7755.000000,7427.157132,7405.211814,7275.324634,7427.157132,2003.157132,5615.178363,8759.223124
2012-10-20,8090,test,0,1,5424.000000,7109.000000,8006.000000,6523.629005,6535.307494,6611.119123,6523.629005,1566.370995,4711.650236,7855.694997
2012-10-21,6824,test,0,1,8090.000000,6639.000000,6236.250000,6819.909877,6814.654406,6635.003803,6819.909877,4.090123,5007.931108,8151.975869
2012-10-22,7058,test,0,1,6824.000000,5875.000000,6391.750000,6686.589851,6663.106873,6511.420002,6686.589851,371.410149,4874.611082,8018.655843
2012-10-23,7466,test,0,1,7058.000000,7534.000000,6525.750000,7048.413762,7031.628888,6911.658634,7048.413762,417.586238,5236.434993,8380.479754
2012-10-24,7693,test,0,1,7466.000000,7461.000000,7614.250000,7462.052349,7429.276433,7251.853964,7462.052349,230.947651,5650.073580,8794.118341
2012-10-25,7359,test,0,2,7693.000000,7509.000000,7450.000000,7540.384527,7505.672214,7306.455537,7540.384527,181.384527,5728.405758,8872.450519
2012-10-26,7444,test,0,2,7359.000000,5424.000000,7069.250000,7342.945182,7278.391057,7001.887748,7342.945182,101.054818,5530.966413,8675.011174
2012-10-27,7852,test,0,2,7444.000000,8090.000000,7929.750000,7267.872571,7242.072873,7164.940478,7267.872571,584.127429,5455.893802,8599.938563
2012-10-28,4459,test,0,2,7852.000000,6824.000000,5965.500000,7088.848904,7051.072288,6884.786265,7088.848904,2629.848904,5276.870135,8420.914896
2012-10-29,22,test,0,3,4459.000000,7058.000000,6297.250000,6024.705650,6030.112348,6097.744497,6024.705650,6002.705650,4212.726881,7356.771642
2012-10-30,1096,test,0,2,22.000000,7466.000000,6507.750000,4276.131161,4404.782750,4971.262001,4276.131161,3180.131161,2464.152392,5608.197153
2012-10-31,5566,test,0,2,1096.000000,7693.000000,7604.250000,4466.783878,4611.328238,5216.762135,4466.783878,1099.216122,2654.805109,5798.849870
2012-11-01,5986,test,0,2,5566.000000,7359.000000,7441.500000,6109.070127,6161.698295,6249.383896,6109.070127,123.070127,4297.091358,7441.136119
2012-11-02,5847,test,0,1,5986.000000,7444.000000,7076.500000,5976.421701,6043.854139,6124.819275,5976.421701,129.421701,4164.442931,7308.487693
2012-11-03,5138,test,0,2,5847.000000,7852.000000,7754.000000,5797.422352,5865.445112,6074.787155,5797.422352,659.422352,3985.443583,7129.488344
2012-11-04,5107,test,0,1,5138.000000,4459.000000,5358.000000,4829.472087,4920.647622,5036.893583,4829.472087,277.527913,3017.493317,6161.538078
2012-11-05,5259,test,0,1,5107.000000,22.000000,4608.250000,5320.276166,5297.566790,5051.078906,5320.276166,61.276166,3508.297397,6652.342158
2012-11-06,5686,test,0,1,5259.000000,1096.000000,5622.000000,5837.141051,5781.863328,5521.716787,5837.141051,151.141051,4025.162282,7169.207043
2012-11-07,5035,test,0,2,5686.000000,5566.000000,7102.750000,6324.662448,6289.946061,6214.077554,6324.662448,1289.662448,4512.683679,7656.728440
2012-11-08,5315,test,0,1,5035.000000,5986.000000,7106.000000,6067.750000,6051.108394,6065.224300,6067.750000,752.750000,4255.771231,7399.815992
2012-11-09,5992,test,0,1,5315.000000,5847.000000,6499.250000,5969.701535,5952.218887,5980.463905,5969.701535,22.298465,4157.722765,7301.767526
2012-11-10,6536,test,0,1,5992.000000,5138.000000,7047.250000,5974.833665,5942.947415,5935.651724,5974.833665,561.166335,4162.854896,7306.899657
2012-11-11,6852,test,0,1,6536.000000,5107.000000,5757.250000,5802.441652,5769.788110,5669.137405,5802.441652,1049.558348,3990.462883,7134.507644
2012-11-12,6269,test,1,1,6852.000000,5259.000000,4553.500000,5418.889585,5377.581847,5111.867123,5418.889585,850.110415,3606.910816,6750.955577
2012-11-13,4094,test,0,2,6269.000000,5686.000000,5445.500000,6005.184542,5962.583963,5741.560038,6005.184542,1911.184542,4193.205773,7337.250534
2012-11-14,5495,test,0,1,4094.000000,5035.000000,6438.750000,5665.688795,5613.340769,5588.527308,5665.688795,170.688795,3853.710026,6997.754787
2012-11-15,5445,test,0,2,5495.000000,5315.000000,6542.250000,6279.767152,6198.684675,6046.607211,6279.767152,834.767152,4467.788383,7611.833144
2012-11-16,5698,test,0,1,5445.000000,5992.000000,6176.750000,5886.772644,5843.560124,5795.033109,5886.772644,188.772644,4074.793875,7218.838636
2012-11-17,5629,test,0,1,5698.000000,6536.000000,6904.000000,5787.227073,5754.132430,5812.100832,5787.227073,158.227073,3975.248304,7119.293065
2012-11-18,4669,test,0,1,5629.000000,6852.000000,5810.500000,5457.291674,5434.274268,5534.470561,5457.291674,788.291674,3645.312905,6789.357666
2012-11-19,5499,test,0,2,4669.000000,6269.000000,4652.000000,5103.548851,5088.862802,5233.120413,5103.548851,395.451149,3291.570082,6435.614843
2012-11-20,5634,test,0,2,5499.000000,4094.000000,4585.500000,5768.820853,5690.461968,5542.023097,5768.820853,134.820853,3956.842084,7100.886845
2012-11-21,5146,test,0,1,5634.000000,5495.000000,5947.250000,5999.376100,5929.821582,5802.508641,5999.376100,853.376100,4187.397331,7331.442092
2012-11-22,2425,test,1,1,5146.000000,5445.000000,6026.250000,5695.009015,5620.919757,5506.029016,5695.009015,3270.009015,3883.030246,7027.075007
2012-11-23,3910,test,0,1,2425.000000,5698.000000,6245.250000,4536.262385,4573.567679,4895.222749,4536.262385,626.262385,2724.283616,5868.328377
2012-11-24,2277,test,0,1,3910.000000,5629.000000,6288.750000,4730.525408,4767.866492,5043.700952,4730.525408,2453.525408,2918.546639,6062.591400
2012-11-25,2424,test,0,1,2277.000000,4669.000000,5271.750000,3624.324547,3703.559166,4114.698600,3624.324547,1200.324547,1812.345778,4956.390539
2012-11-26,5087,test,0,1,2424.000000,5499.000000,4262.250000,3306.767566,3384.400129,3773.770498,3306.767566,1780.232434,1494.788797,4638.833558
2012-11-27,3959,test,0,2,5087.000000,5634.000000,4127.500000,4673.914723,4646.128808,4595.274081,4673.914723,714.914723,2861.935953,6005.980714
2012-11-28,5260,test,0,1,3959.000000,5146.000000,5310.500000,4607.656594,4627.103712,4755.527970,4607.656594,652.343406,2795.677824,5939.722585
2012-11-29,5323,test,0,1,5260.000000,2425.000000,4792.750000,5278.290064,5233.016241,5054.293722,5278.290064,44.709936,3466.311295,6610.356056
2012-11-30,5668,test,0,1,5323.000000,3910.000000,5361.750000,5162.378624,5147.437192,5103.113424,5162.378624,505.621376,3350.399855,6494.444616
2012-12-01,5191,test,0,2,5668.000000,2277.000000,4895.000000,5136.077557,5097.606481,4948.096673,5136.077557,54.922443,3324.098788,6468.143549
2012-12-02,4649,test,0,2,5191.000000,2424.000000,4763.000000,4812.756628,4787.086376,4705.537920,4812.756628,163.756628,3000.777859,6144.822620
2012-12-03,6234,test,0,1,4649.000000,5087.000000,5528.500000,4692.173933,4709.252953,4824.555175,4692.173933,1541.826067,2880.195164,6024.239925
2012-12-04,6606,test,0,1,6234.000000,3959.000000,4843.250000,5681.881111,5631.912244,5438.136092,5681.881111,924.118889,3869.902342,7013.947103
2012-12-05,5729,test,0,1,6606.000000,5260.000000,5234.000000,6088.626771,6025.883660,5775.905023,6088.626771,359.626771,4276.648002,7420.692763
2012-12-06,5375,test,0,1,5729.000000,5323.000000,4627.000000,5609.702727,5570.932439,5411.716987,5609.702727,234.702727,3797.723957,6941.768719
2012-12-07,5008,test,0,2,5375.000000,5668.000000,5317.000000,5371.414030,5364.476910,5368.283735,5371.414030,363.414030,3559.435261,6703.480022
2012-12-08,5582,test,0,2,5008.000000,5191.000000,4908.250000,4843.084976,4849.029536,4931.596992,4843.084976,738.915024,3031.106207,6175.150968
2012-12-09,3228,test,0,2,5582.000000,4649.000000,4648.500000,5015.540054,5000.429506,5000.281058,5015.540054,1787.540054,3203.561285,6347.606046
2012-12-10,5170,test,0,2,3228.000000,6234.000000,5772.250000,4216.334305,4265.134260,4587.122785,4216.334305,953.665695,2404.355536,5548.400297
2012-12-11,5501,test,0,2,5170.000000,6606.000000,5073.250000,5033.397915,5024.633597,5046.178532,5033.397915,467.602085,3221.419146,6365.463907
2012-12-12,5319,test,0,2,5501.000000,5729.000000,5407.500000,5559.690782,5528.767187,5441.723242,5559.690782,240.690782,3747.712013,6891.756774
2012-12-13,5532,test,0,1,5319.000000,5375.000000,4642.000000,5525.296149,5494.753993,5407.762019,5525.296149,6.703851,3713.317380,6857.362141
2012-12-14,5611,test,0,1,5532.000000,5008.000000,5071.000000,5466.287667,5437.298714,5368.315529,5466.287667,144.712333,3654.308897,6798.353659
2012-12-15,5047,test,0,1,5611.000000,5582.000000,4669.750000,5191.458918,5177.246255,5192.302458,5191.458918,144.458918,3379.480148,6523.524910
2012-12-16,3786,test,0,2,5047.000000,3228.000000,3742.500000,4847.160215,4812.884223,4735.182362,4847.160215,1061.160215,3035.181446,6179.226207
2012-12-17,4585,test,0,2,3786.000000,5170.000000,5497.500000,4526.013455,4537.340475,4698.052318,4526.013455,58.986545,2714.034686,5858.079447
2012-12-18,5557,test,0,1,4585.000000,5501.000000,5425.000000,5071.713825,5063.094996,5105.743000,5071.713825,485.286175,3259.735056,6403.779817
2012-12-19,5267,test,0,1,5557.000000,5319.000000,5363.500000,5605.408066,5566.595828,5432.757044,5605.408066,338.408066,3793.429297,6937.474058
2012-12-20,4128,test,0,2,5267.000000,5532.000000,4663.750000,5421.378853,5380.848635,5228.482416,5421.378853,1293.378853,3609.400084,6753.444845
2012-12-21,3623,test,0,2,4128.000000,5611.000000,5049.250000,4725.496586,4730.367644,4811.162104,4725.496586,1102.496586,2913.517817,6057.562578
2012-12-22,1749,test,0,1,3623.000000,5047.000000,4524.250000,4168.114641,4184.186311,4336.585610,4168.114641,2419.114641,2356.135872,5500.180633
2012-12-23,1787,test,0,1,1749.000000,3786.000000,3521.750000,2973.364207,3022.432934,3352.519477,2973.364207,1186.364207,1161.385438,4305.430199
2012-12-24,920,test,0,2,1787.000000,4585.000000,5269.000000,3220.980716,3284.229810,3684.468476,3220.980716,2300.980716,1409.001947,4553.046708
2012-12-25,1013,test,1,2,920.000000,5557.000000,5405.750000,2484.278261,2573.285762,3101.134673,2484.278261,1471.278261,672.299492,3816.344253
2012-12-26,441,test,0,3,1013.000000,5267.000000,5393.750000,2888.581360,2981.612972,3492.307088,2888.581360,2447.581360,1076.602591,4220.647352
2012-12-27,2114,test,0,2,441.000000,4128.000000,5089.500000,2384.829146,2497.595635,3092.889689,2384.829146,270.829146,572.850377,3716.895138
2012-12-28,3095,test,0,2,2114.000000,3623.000000,4977.500000,2782.816993,2873.634271,3340.827464,2782.816993,312.183007,970.838224,4114.882985
2012-12-29,1341,test,0,2,3095.000000,1749.000000,4392.250000,2929.098203,2979.198447,3267.832466,2929.098203,1588.098203,1117.119434,4261.164195
2012-12-30,1796,test,0,1,1341.000000,1787.000000,3362.500000,1809.582311,1901.993260,2417.433762,1809.582311,13.582311,0.000000,3141.648303
2012-12-31,2729,test,0,2,1796.000000,920.000000,4227.250000,2279.113773,2339.790432,2706.093296,2279.113773,449.886227,467.135004,3611.179765
